and,lea,xor,sub,jmp,mov,pop,test,add,call,ret,jne,push,je,inc,shl,or,cmp
19,58,27,5,89,242,43,45,13,78,0,43,51,26,5,0,3,76
1,20,9,7,19,283,14,40,3,27,0,12,21,31,0,0,0,4
257,1398,1495,493,1331,20949,574,2737,1180,3167,0,1020,977,2581,329,142,242,1392
439,511,1040,159,153,4181,263,336,689,316,0,204,318,299,119,360,431,271
23,871,754,393,772,11559,479,1705,396,1947,0,724,721,1727,202,82,62,1163
1741,3986,1621,1315,4375,26046,1216,4044,2080,3129,0,3129,1019,6055,1025,929,446,7759
78,1061,1323,535,1173,13882,533,2682,794,3029,3,950,1179,2551,330,331,214,1421
411,5901,3169,2291,3036,46079,531,6842,3732,4572,0,6022,818,7153,1729,250,269,15480
720,1697,1733,750,1356,16070,641,2185,1857,1469,1,1124,855,2285,546,745,1212,2345
8,90,83,41,85,1331,62,184,66,137,0,100,86,176,51,15,0,132
179,2917,815,1200,2044,30891,1283,2128,1890,3460,0,2153,2455,3333,741,380,100,4121
308,5738,2515,717,7628,38697,786,10023,1698,6979,0,4203,1077,10500,1219,363,1610,11810
1175,7037,4501,2975,7333,70835,2434,8702,5842,9518,0,5500,3031,9343,2405,1754,1405,10776
790,11370,5105,4691,6862,105105,3003,12467,8992,10924,4,10457,4243,9472,2704,1039,416,14885
2859,14951,8745,5051,8625,153120,5481,15663,8707,19011,1,11870,9005,12771,4140,1414,2403,11310
182,744,514,197,708,7344,117,1049,811,1153,0,851,210,1134,188,64,140,1426
82,5220,22419,3276,5145,87127,1299,14227,2326,20563,0,7378,1598,13093,2592,89,49,18238
61,607,396,200,431,8751,109,1032,560,836,0,368,154,985,184,76,44,669
344,1376,440,781,1398,18411,293,1193,1029,2179,0,838,918,1410,433,234,173,1581
2890,12467,8458,2926,5260,91692,9041,9186,5621,16339,1,4678,9311,7268,1351,1001,1100,7691
0,927,267,98,453,12735,1151,339,208,4490,0,117,1203,313,28,1,2,144
0,3,2,0,11,12,8,4,0,8,0,0,12,4,0,0,0,2
24,849,74,80,446,2834,540,240,332,888,0,164,610,188,52,2,8,190
6,182,94,191,213,1163,134,118,211,389,0,60,555,128,31,2,5,113
22,2315,1442,390,1495,35230,5432,1548,922,8406,0,664,5137,1324,128,0,4,706
48,1603,914,188,1053,19948,1942,934,478,6282,0,318,2088,882,48,10,14,402
4318,52723,9352,12652,31962,278826,26482,24706,20516,67822,2,22996,26540,32698,3212,1342,1648,40430
2752,22335,5090,5214,19045,151868,15774,12426,12798,29104,0,11210,15618,15980,1530,976,1054,22288
2004,11957,4406,2304,10279,88936,8252,6586,7420,17480,0,5628,8365,9174,662,430,722,10410
5722,30218,24682,6309,25049,259065,20047,40623,17290,39093,13,22608,18819,36379,8102,5669,4973,35889
5893,32619,24056,6494,26262,265683,20984,40498,17649,42277,10,22898,19751,36644,8178,5708,4932,36612
8104,54525,30216,8519,39330,376590,32384,54202,28115,65325,16,32105,31318,49710,9566,6582,6169,52079
5258,80301,10456,20014,44396,402148,32864,34766,26652,101094,4,31940,32762,46770,4200,1444,2092,54938
400,1909,259,200,1637,7802,775,456,1614,544,0,816,659,669,72,202,282,3002
4540,35925,20332,6068,26329,259502,22436,38326,16184,50170,2,20774,21632,35324,7502,4208,3694,31082
7392,37987,27430,8018,34444,332250,29538,45238,24284,51688,6,27966,27253,42814,7822,5162,5020,44892
188,2637,330,266,1573,9750,1566,1014,734,3101,0,747,1676,1141,162,16,26,1083
1523,8379,4453,1557,5295,58185,7660,6971,5533,11811,4,4271,7764,6107,855,1238,704,6853
4050,31915,10027,3968,20483,177310,19093,19913,17105,35211,10,14104,19341,19272,2810,2511,2493,25290
402,830,644,188,418,6796,771,749,1013,958,0,397,806,780,101,78,151,628
86,2787,296,298,2917,12722,904,392,688,3114,0,432,1027,542,46,18,6,694
914,7668,4038,767,5152,38821,5749,6755,2421,10323,1,4154,5760,7033,1295,242,717,7652
6,607,370,80,246,7561,890,218,148,1850,0,134,834,219,10,1,0,206
117,6323,3329,1322,7157,130567,16404,4912,3584,44795,1,1705,16455,4247,339,20,48,1886
10,2001,1247,390,1702,45318,4958,1123,1010,15298,0,561,4970,1018,109,3,24,710
6,75,18,11,68,774,175,35,24,265,0,13,192,21,3,0,0,12
5,347,257,57,429,5893,1154,147,249,1952,0,65,1240,111,15,0,2,78
45,3401,1139,401,2905,35922,5894,1150,1162,11168,0,798,6493,967,96,26,33,901
3043,9119,4990,1947,2819,19043,914,653,10739,949,73,286,996,92,439,1239,1692,2925
15,3208,1393,541,1805,51540,6271,1645,1209,16599,0,687,6547,1471,148,18,31,873
2,1426,823,278,1195,27055,3808,798,778,8508,0,286,3951,719,54,0,2,298
39,3222,2053,788,2900,78144,9429,2026,2009,25474,0,850,9645,1865,192,28,23,1204
0,61,26,8,49,868,91,10,16,309,0,6,103,14,1,0,0,11
5,259,192,66,427,6925,1273,184,231,2303,0,64,1361,161,5,0,3,69
70,6538,2920,1040,5067,82259,12747,2765,2654,24433,0,1584,13698,2377,228,35,58,1877
2,414,244,43,420,6325,917,232,206,2197,0,93,1092,198,15,0,2,85
169,2340,922,308,1550,19087,3242,1081,864,6184,1,515,3426,914,153,52,36,773
4,43,20,3,88,224,18,21,16,106,0,5,50,14,0,0,0,16
3,589,323,135,495,11351,1441,429,266,2420,0,161,1367,410,27,2,3,220
86,12732,8488,2706,10640,294842,32410,8807,6650,99307,0,4089,32681,8057,887,22,133,5615
4,925,388,24,507,3042,152,628,98,1168,0,278,246,436,66,2,0,224
2,241,132,16,203,566,128,66,36,284,0,48,170,48,2,2,0,82
3,21,18,2,87,158,12,29,8,56,0,21,50,25,3,0,6,30
178,1667,593,244,1097,14936,2541,664,664,3956,1,449,2523,615,152,29,119,686
12,154,104,13,215,666,70,125,33,217,0,95,147,87,8,0,20,112
124,5657,3304,1246,5363,124402,17574,3662,3106,42046,0,1698,17434,3236,314,22,60,1966
3592,86437,30948,5400,36375,350788,39188,30042,18142,133740,34,14284,39217,23722,4682,1072,1268,19300
0,20,16,5,51,306,83,7,20,98,0,6,102,8,0,0,0,7
0,1,0,0,131,0,0,0,0,0,0,0,66,0,0,0,0,0
0,1,0,0,193,0,0,0,0,0,0,0,97,0,0,0,0,0
3060,95259,6656,28510,38225,342922,11292,8830,46720,56660,2,13282,12804,16770,2076,3136,2466,46358
0,0,0,0,47,0,0,0,0,0,0,0,0,0,0,0,0,0
1758,140835,5028,37264,45433,639902,12048,7254,71892,91450,0,14198,13342,14482,1722,1626,2142,48632
0,1,0,0,193,0,0,0,0,0,0,0,97,0,0,0,0,0
3,230,131,14,165,626,98,76,36,242,0,51,165,96,4,0,0,88
20,3115,1855,879,2930,66001,10942,1956,1972,14978,0,737,10802,1661,197,0,27,951
35,163,84,11,185,425,29,73,40,137,0,53,86,94,1,0,10,110
550,4271,640,730,2215,27918,2026,3430,1922,5940,0,1824,2030,2848,516,78,248,2226
500,6289,1854,885,2600,24964,3502,3344,2002,7372,0,3210,3370,3327,362,114,351,4728
420,4579,1380,220,3891,24031,3956,3486,1248,7610,4,3474,3815,3368,792,98,128,5700
45,849,861,536,2188,12850,1064,1652,1133,3748,0,1514,874,2673,17,79,37,2810
6,191,109,31,290,1458,259,199,109,491,0,57,330,183,20,4,5,90
689,2265,1328,654,1637,25065,3719,1514,1370,5618,1,927,3929,1130,206,300,285,1122
0,2,2,0,3,1,1,0,0,1,0,0,3,0,0,0,0,0
2,125,67,32,161,474,51,81,71,118,0,55,108,78,4,5,18,111
5278,35233,21854,6836,29925,286118,22594,38424,17818,49596,2,22976,21263,37552,7432,4374,3962,36160
163,833,326,118,681,4434,457,555,337,536,0,388,520,416,82,98,150,1051
9,163,61,21,129,482,73,102,42,138,0,55,121,105,30,4,14,89
3,108,74,10,111,351,49,68,40,87,0,32,80,40,16,1,2,56
2,93,48,26,111,368,78,58,30,156,0,40,103,56,10,2,0,48
20,1581,1182,263,1074,23746,3192,1318,549,5335,0,615,2948,1167,148,0,24,798
7,203,194,21,225,798,122,98,33,339,0,46,188,135,3,1,0,98
0,345,127,32,208,3678,368,121,75,1199,0,39,432,109,11,0,4,50
3,439,124,25,295,1150,220,182,76,467,0,78,297,185,3,3,1,126
0,1,0,0,99,0,0,0,0,0,0,0,50,0,0,0,0,0
4732,23121,11000,3240,11847,222806,24542,15092,11680,69758,0,8878,25307,11184,1200,1564,3690,9524
930,3313,1566,550,2011,32184,3594,2082,1454,9270,0,1304,3793,1640,204,308,544,1438
0,7,2,2,19,16,0,3,0,10,0,4,13,0,0,0,0,2
54,1849,1150,212,1377,8660,1000,976,438,2616,0,698,1059,882,144,50,36,1040
148,24955,4907,15743,13424,173096,33345,9027,18748,55898,214,4555,49156,9035,645,47,156,6428
0,11,2,2,20,62,6,7,8,18,0,5,20,6,1,2,0,7
30,599,244,40,476,2445,255,427,133,600,0,297,343,441,159,7,107,581
4,851,286,72,575,2972,178,246,156,828,0,204,278,242,108,8,10,444
58,1522,771,202,1045,14053,1915,734,511,3030,1,360,1997,703,59,0,37,528
33,317,95,62,275,2304,493,181,189,502,0,80,455,163,25,36,13,135
4,521,432,38,321,2212,166,372,66,764,0,178,239,288,18,6,6,162
2,54,33,8,93,322,83,44,28,123,0,22,116,37,8,0,0,71
27,7496,5244,1418,3585,95707,9944,3442,2857,32690,0,1265,10176,3112,181,2,54,1443
0,120,80,16,37,559,44,44,11,204,0,13,61,41,1,0,0,11
1,306,158,25,195,1404,183,249,40,479,0,75,254,194,22,2,0,61
44,973,462,92,553,9936,866,588,230,2852,0,206,896,566,40,10,12,258
6,111,36,30,123,536,36,100,56,140,0,56,74,90,4,4,0,70
6,111,36,30,123,536,36,100,56,140,0,56,74,90,4,4,0,70
84,5370,2577,807,3079,76480,10639,3845,1692,17904,0,1737,10274,3201,504,9,46,2074
6,128,49,43,190,789,162,71,75,261,0,22,210,65,2,2,2,57
5,92,36,6,111,356,68,73,20,121,0,39,113,65,11,1,2,61
1544,6433,4831,959,3362,42548,3581,5284,2052,6702,2,2476,3478,4140,542,231,574,3930
613,1546,913,249,1055,9494,1104,958,627,1539,0,671,1239,886,159,124,519,1194
37,712,471,70,411,2892,348,350,198,654,0,245,439,348,72,34,23,472
209,3189,2006,438,1612,16604,1502,2045,918,3158,0,1681,1633,1960,369,90,244,2587
59,277,202,25,231,1469,149,202,78,287,0,132,198,191,14,33,89,232
115,1437,729,194,770,6789,931,733,466,1266,0,508,1006,673,106,75,62,924
1,17,9,2,31,78,17,8,8,18,0,7,31,5,3,0,1,9
3,17,14,3,34,79,17,12,6,27,0,7,33,9,2,0,0,11
3,16,15,3,32,77,17,10,5,26,0,8,32,9,2,0,0,13
3,15,13,3,32,74,16,10,5,25,0,7,31,7,2,0,0,10
6,32,19,5,42,135,24,27,8,43,0,13,41,23,3,1,0,20
2,167,110,22,157,554,104,48,30,252,0,14,177,42,4,2,0,20
2040,25269,11729,2859,9358,105707,11805,18220,6265,24691,0,10331,12206,14003,2386,1267,1712,15181
2035,25144,11673,2848,9309,105244,11744,18128,6238,24505,0,10293,12140,13923,2372,1265,1701,15124
2040,25255,11717,2856,9336,105654,11803,18204,6256,24644,0,10327,12202,14014,2380,1270,1712,15178
2036,25409,11783,2858,9438,105879,11771,18248,6283,24710,0,10399,12181,14069,2383,1274,1708,15283
2111,25944,12015,2964,9544,108149,11918,18545,6474,25250,0,10758,12324,14315,2466,1345,1732,15663
2042,25383,11788,2857,9323,105716,11793,18168,6251,24707,0,10315,12202,13971,2371,1265,1706,15167
2055,25886,12045,2912,9632,108382,12049,18676,6385,25423,0,10606,12453,14431,2420,1279,1738,15522
2062,26065,12132,2919,9689,109285,12132,18739,6411,25735,0,10636,12513,14496,2416,1279,1743,15552
2063,26055,12145,2930,9692,109018,12074,18854,6403,25564,0,10670,12497,14554,2477,1285,1734,15585
4604,64947,11089,11864,37502,434557,164,16873,24747,64617,0,23004,189,12667,1851,2295,919,47563
2069,26265,12215,2920,9712,109354,12084,18833,6418,25799,0,10689,12487,14559,2430,1282,1755,15634
2037,25114,11661,2844,9322,105180,11716,18111,6240,24469,0,10298,12118,13934,2373,1266,1701,15156
2034,25135,11664,2843,9303,105169,11718,18111,6237,24496,0,10295,12119,13926,2371,1265,1701,15128
3054,46891,19779,4027,14599,168781,16758,28863,9389,42652,1,16600,17004,22222,3530,1816,2588,23546
1266,10519,5372,1587,5227,55258,8052,9847,3826,12261,0,3684,8137,6918,1485,661,710,5943
352,2502,641,493,1752,12629,1473,1657,834,2440,1,1288,1683,1671,293,98,199,2889
7,244,198,17,199,3500,348,108,59,686,0,72,293,139,5,7,9,150
0,8,3,2,21,23,0,5,0,11,0,4,16,4,0,0,0,4
3664,39821,19815,8861,21722,438306,70567,19395,24007,96376,79,9281,67170,16283,1874,1474,2025,13669
8,2920,1294,468,1929,37992,5480,1361,1113,12755,0,646,5747,1084,79,1,7,562
0,84,46,5,41,510,55,25,5,155,0,5,73,24,0,0,0,7
20,2491,1596,30,523,5978,136,764,48,2456,0,578,174,472,56,2,22,300
31,874,464,67,350,2303,428,372,123,808,0,190,502,332,35,14,21,335
16,339,224,30,271,4704,1092,196,162,984,0,62,964,220,6,2,8,110
41,1819,1100,490,1793,45859,5762,1409,1204,13853,0,598,5851,1300,147,12,29,753
122,6165,3928,630,3490,32004,5954,3054,1577,9094,0,1345,6620,2415,284,287,307,1883
29401,434273,204023,49482,234106,1946031,267692,316506,147193,542762,232,102006,262168,370603,23305,15818,21010,222102
0,4,2,1,8,16,3,1,1,3,0,4,7,0,0,0,1,3
6,569,188,80,571,7122,74,18,150,1020,0,118,112,224,6,10,0,380
10,131,48,17,204,612,114,50,47,239,0,19,181,47,4,0,4,40
284,1950,500,247,1703,12880,1382,767,536,2909,2,414,1314,685,117,142,154,633
10,237,64,38,220,1189,266,62,121,433,0,31,342,50,6,3,0,55
1,24,9,1,39,81,14,13,13,31,0,10,34,11,3,0,0,20
2870,11667,8212,2363,12157,93783,6220,12807,5571,13000,6,8563,6003,12399,2169,500,1773,16205
24,1135,797,124,607,4393,377,398,200,1490,0,237,561,421,32,1,12,523
296,4175,2551,241,2375,18733,2537,2816,732,6136,2,1574,2665,2755,166,78,292,2137
0,2,2,0,3,1,1,0,0,1,0,0,3,0,0,0,0,0
296,919,328,322,724,6784,590,1126,577,1012,0,622,582,979,359,32,28,1051
36,423,123,24,294,2087,379,244,124,342,0,179,423,217,37,109,24,326
2641,5111,6168,1535,1413,30206,1889,3419,5894,4144,2,1180,1901,1816,323,672,385,1891
1300,10495,4717,6572,7175,51944,7804,8724,15397,4868,2,4480,5994,7434,650,2220,325,8339
838,29738,17613,1647,7823,97741,10456,25173,4144,19837,3,8888,11096,17851,1228,549,625,6674
196,3516,3086,400,2774,22144,2794,5975,1205,3827,2,1865,3119,4719,404,61,160,2257
223,4153,3726,407,2495,24056,2796,6436,1032,4343,2,1655,3073,5217,374,63,141,1879
86,506,124,143,217,1931,274,125,489,561,0,69,287,114,38,51,75,211
2839,29551,4221,10175,3211,108191,5681,3270,24204,5278,1,2345,5986,2334,2234,9654,2256,9543
297,1376,946,382,1133,6814,950,1361,1079,1120,0,844,1001,1207,223,147,132,1857
1112,1878,1063,545,1088,10147,766,1679,1202,1085,0,1003,801,1353,378,153,511,1858
3123,22335,16892,4871,23794,183673,13253,37604,10931,35776,7,21321,13418,33623,6551,2018,2761,32384
97,367,410,100,1129,6190,724,825,336,943,0,318,1450,859,172,21,33,660
176,1115,862,258,1120,9938,788,1674,650,2095,0,707,942,1531,264,172,177,1244
134,2669,1367,243,2772,18011,2698,3259,1175,3823,2,1769,2423,2927,565,39,98,2476
130,519,306,129,516,4357,1086,253,201,1096,0,150,1249,173,39,41,33,194
13119,47039,16940,13556,22600,377404,50112,21348,22375,71429,12,11390,58586,16129,2731,4315,4343,21747
41,170,21,17,96,1223,215,50,65,342,0,42,450,42,5,10,57,54
0,2,0,1,12,11,5,0,1,4,0,0,11,0,0,0,0,0
134,451,258,87,483,2977,777,247,216,660,0,195,1309,119,12,27,30,114
29,188,216,55,567,1775,413,55,78,297,1,15,617,68,9,9,14,77
49,1084,501,167,799,6703,1884,462,450,1841,0,277,2463,303,71,11,19,369
2660,15868,7762,2690,7840,145574,17809,9648,6314,40161,1,6478,20430,5576,683,1092,1405,5528
0,0,0,0,0,104,52,0,0,0,0,0,52,0,0,0,0,0
21,109,53,30,129,687,193,64,48,190,0,33,240,30,3,2,7,20
3,41,37,5,70,217,98,15,16,60,0,3,135,4,2,2,5,9
36,213,44,23,192,1232,254,50,92,237,0,38,322,60,25,6,27,114
0,15,8,5,27,137,35,11,10,32,0,3,50,9,1,0,0,1
1002,5076,2022,587,3521,29309,3132,3478,3026,4428,9,1863,2756,3735,660,316,226,4010
0,7,0,0,7,58,28,1,0,9,0,0,32,3,0,0,0,2
98,1100,505,94,862,6835,843,882,263,1572,0,258,972,761,38,4,45,361
6,29,12,4,64,99,6,18,3,38,0,27,33,18,1,0,2,31
6,29,12,4,64,99,6,18,3,38,0,27,33,18,1,0,2,31
37,295,114,15,332,1066,136,137,98,246,0,92,188,166,25,4,27,244
195,21154,13653,4086,15468,436278,48005,16089,9790,143108,0,6794,48651,13520,1239,13,242,8170
6,579,257,77,337,7219,693,244,127,2354,0,133,764,205,22,0,1,124
622,26205,14988,5176,22921,494872,63048,13746,14886,162988,14,6109,64643,12710,1490,288,718,8614
1,72,37,9,104,328,46,27,24,99,0,17,88,28,3,1,1,24
2,351,166,28,309,1060,168,80,62,402,0,66,226,64,10,2,0,134
494,25863,18050,4922,19225,484124,57538,20470,11576,151598,0,9026,56078,18818,1682,90,448,11788
51209,472644,85491,109091,218133,3549236,307162,282244,225780,891523,3071,150434,274029,252070,24517,10508,29941,274612
8677,170872,23696,62352,85184,1694419,182141,138923,99237,377885,3984,50054,156858,142076,7948,1949,5428,77239
4122,318356,96708,29940,174556,2173677,333938,207033,108609,662633,14,71948,324671,193085,7349,1440,2706,85492
5044,133722,19916,51907,78055,1316144,176498,93394,94065,374936,891,33319,155977,87858,4487,1326,3858,55454
90087,577799,117708,128566,256484,5407162,367151,394870,288838,870802,715,234059,300720,377564,31489,15429,53013,434434
1090,13775,1690,934,8865,56068,4156,6760,3418,12780,30,3418,4834,6202,2004,118,520,5430
0,4,3,0,7,3,1,1,0,2,0,1,4,2,0,0,0,4
0,9,9,0,38,43,0,9,1,19,0,4,24,13,0,0,0,10
17,45,15,2,46,115,9,3,0,25,0,33,29,6,1,11,11,42
2,97,42,2,71,268,12,18,22,78,0,26,35,16,6,2,0,32
8,105,56,5,112,321,54,77,27,113,0,48,94,48,7,0,6,31
314,5947,3148,520,2381,27616,3264,2980,1460,5962,0,1806,3412,2586,448,126,306,2834
0,66,19,3,50,116,14,9,4,45,0,14,36,6,1,0,3,13
8,171,77,22,189,558,80,119,31,175,0,40,143,121,2,4,14,81
1,35,27,3,75,106,0,22,8,44,0,15,40,13,3,1,6,14
5,176,116,23,226,1122,208,145,107,317,0,76,308,144,13,1,3,137
0,10,6,2,16,21,0,2,0,10,0,4,15,1,0,0,0,3
3,49,23,6,83,156,23,33,11,61,0,29,67,20,4,0,4,24
0,15,4,2,23,26,6,2,1,12,0,3,18,4,0,0,0,5
1,10,7,2,23,21,0,2,4,12,0,3,14,0,0,0,0,1
5,101,62,14,128,358,49,56,28,111,0,47,104,36,7,2,7,62
9,85,44,4,139,263,1,52,9,84,0,42,60,39,7,8,11,50
53,569,279,29,315,1655,86,506,45,440,0,214,156,320,34,6,131,209
3,36,15,3,45,87,6,10,1,31,0,11,27,11,2,0,0,12
26,567,166,74,275,1656,248,144,102,490,0,126,335,218,12,8,18,260
48,630,420,114,463,4401,647,454,265,724,0,317,720,384,65,30,48,485
1,15,7,2,24,36,0,3,4,15,0,4,17,3,0,0,0,7
4,452,236,36,285,2955,389,390,59,807,0,116,425,340,12,0,0,78
6,93,58,5,124,229,16,42,6,101,0,31,68,54,4,0,1,53
908,6107,4263,892,2739,39158,3368,4583,1919,6688,1,2247,3327,3646,489,217,361,3178
4,136,99,23,155,652,79,51,59,148,0,50,122,52,13,16,2,112
18,306,188,40,239,1548,40,114,70,278,0,67,131,98,22,23,16,156
14,189,114,10,172,1123,16,119,39,170,0,62,77,87,11,14,19,139
65,1206,746,262,754,7792,1083,688,473,1317,0,445,1143,666,111,37,56,822
49,1539,717,62,849,5076,486,956,259,1448,0,410,616,770,68,11,74,701
0,16,9,2,23,34,0,3,0,16,0,4,18,1,0,0,0,7
9718,130259,20936,24246,73767,912208,2076,58960,51750,132150,0,45772,2113,27460,3940,5354,2104,70274
81,13115,5268,2354,8433,220106,27185,6061,5149,75054,0,2594,27820,5301,458,43,103,2881
42,393,108,88,408,2382,445,279,198,762,0,106,547,265,15,9,11,174
1,21,12,5,70,118,33,9,13,53,0,1,57,7,0,0,1,5
684,28337,7474,5260,10167,180406,22582,8672,9362,44290,0,10042,22546,7570,518,74,144,11514
95,1245,692,262,1392,10456,1190,1446,811,1626,3,924,1149,1030,287,89,127,1760
54,2717,1110,422,1001,9582,902,1708,566,2950,0,1006,936,1348,226,152,92,1098
4,227,91,38,280,1113,177,146,97,425,0,42,259,140,5,0,2,114
129,1527,701,129,1046,5413,696,965,345,1458,0,596,903,688,90,66,163,986
378,2462,1363,216,1768,11841,1279,2437,491,2570,2,1349,1310,1952,177,40,300,1586
36,2895,2223,623,2423,58847,6924,1853,1533,18817,1,796,7184,1662,162,8,27,976
1354,85943,44112,18960,66117,1680269,223906,48052,50298,527446,2,20042,226404,43786,3832,446,1284,26976
0,73,22,6,29,568,36,8,4,168,0,4,61,6,0,0,0,18
19,365,162,40,271,1009,28,179,71,295,1,93,90,172,33,9,34,167
107,626,291,46,402,1614,144,303,248,434,0,156,210,265,30,17,104,285
54,875,416,434,491,6278,334,552,904,592,0,570,398,626,100,92,96,1168
2,5,0,2,11,54,6,6,10,12,0,4,11,2,0,2,0,2
0,3,2,0,11,12,8,4,0,8,0,0,12,4,0,0,0,2
186,13448,7765,2648,9868,246767,25412,8922,5984,76904,2,3888,25628,8254,846,143,155,5394
8,408,201,56,295,3304,576,196,112,722,0,74,615,119,3,0,7,54
13,340,177,43,319,1256,186,156,119,266,0,101,256,175,48,7,4,221
162,14434,933,3090,6071,79461,8759,6020,4502,18172,60,2604,7561,5258,224,58,134,6074
0,8,5,1,20,24,0,3,0,13,0,7,16,6,0,0,0,10
1218,74331,3666,24886,30609,280496,7358,4484,38250,44824,2,5688,8398,11416,1502,1704,1314,31134
2673,13583,8271,2259,6022,146788,12359,5214,7159,38962,13,2064,12774,4221,684,438,849,3121
16,110,67,10,125,579,68,69,33,143,0,40,113,67,19,8,6,67
2,291,154,32,255,886,184,108,50,344,0,72,235,74,18,4,0,116
10,1335,778,190,1381,6948,1018,1114,268,2434,0,642,1186,850,72,12,6,596
11,2882,774,412,1941,34591,5373,581,997,11638,0,353,5750,416,48,0,2,288
7,1861,1475,432,1962,53671,6025,1399,1147,19043,0,631,6203,1197,143,4,15,782
2,305,132,18,273,842,130,88,40,372,0,62,198,64,4,2,2,92
120,564,294,132,397,6003,926,305,305,1224,0,224,925,215,39,58,48,216
10,33,28,4,112,208,38,45,11,77,0,39,73,61,3,1,5,66
0,9,6,0,16,33,2,6,2,13,0,1,17,8,0,0,1,7
18,232,137,19,262,771,137,124,90,234,0,101,168,141,39,8,31,185
18,272,127,26,194,853,73,103,52,243,0,81,120,72,7,4,4,114
0,1,0,0,4,1,1,0,0,0,0,0,3,0,0,0,0,0
0,1,0,0,4,1,1,0,0,0,0,0,3,0,0,0,0,0
918,9873,3417,2310,6279,68017,1484,6345,3689,13536,0,3986,3523,6635,907,680,548,7047
3,74,25,8,121,260,69,24,25,129,0,5,112,22,1,0,2,9
2824,17498,7133,3115,10029,186444,25758,10845,8121,58724,1,5635,27517,8077,1008,1011,1500,5971
916,7677,4038,767,5158,38848,5752,6761,2423,10330,2,4156,5763,7040,1295,242,717,7655
40,2861,1696,252,1833,10920,1436,1676,692,4198,0,884,1702,1422,204,124,30,1018
74,7499,2168,984,4273,83498,12380,2344,2278,27960,0,910,13040,1216,136,10,20,770
0,2,5,0,7,4,2,1,1,3,0,0,7,1,0,0,0,0
105,2522,865,353,1094,8308,549,787,1044,1422,0,992,599,1087,407,145,164,2168
7393,42366,13020,5419,22179,390403,61875,24952,17770,130438,0,13825,65361,18587,1705,988,951,11291
1,7,6,1,17,36,5,6,8,5,0,6,11,3,3,0,0,11
34,1826,1092,232,1243,26759,2734,1130,652,9071,0,324,2694,1099,47,32,43,452
92,1840,1013,258,1152,12794,1479,2431,729,3046,0,1224,1657,2104,499,78,87,1773
29,881,331,111,583,9260,1228,290,242,3090,0,141,1305,204,18,4,7,127
6,251,173,78,234,5476,781,249,145,1305,0,92,766,226,20,4,2,111
74,177,56,10,125,483,65,138,84,170,0,93,113,60,5,0,9,83
1276,6269,4759,1306,4482,50545,4059,5037,4287,9029,3,2850,4810,5106,576,385,756,6556
500,6289,1854,885,2600,24964,3502,3344,2002,7372,0,3210,3370,3327,362,114,351,4728
0,11,10,0,17,46,8,0,2,22,0,0,17,4,0,0,0,4
19,58,27,5,89,242,43,45,13,78,0,43,51,26,5,0,3,76
38,729,430,148,659,4262,304,482,428,722,0,412,355,466,96,10,4,650
3,666,391,132,406,9661,1340,474,274,2236,0,183,1277,407,36,0,1,239
0,4,1,2,10,61,18,4,4,15,0,0,25,3,0,0,0,0
0,6,8,0,24,12,4,3,2,10,0,0,14,3,1,0,0,3
98,606,1078,36,1896,3663,165,199,330,1440,24,401,233,810,104,2,31,2113
44,101,566,34,908,1696,68,34,75,742,4,290,111,202,30,2,15,631
66,208,938,55,1358,2688,112,62,125,1166,19,447,174,357,67,2,19,1132
55,218,501,9,765,1833,50,37,101,746,2,228,106,307,15,1,48,834
1,15,49,2,103,194,39,21,9,80,0,17,60,33,0,0,1,44
17,137,464,18,764,1377,68,73,127,606,6,239,99,248,28,1,25,689
8,601,119,21,220,1791,142,233,59,444,0,76,161,264,16,5,10,191
50,243,775,11,1349,2285,103,90,126,988,14,339,169,581,103,0,10,1362
12,20,175,3,363,829,31,32,20,343,0,155,55,197,5,0,1,431
30,274,659,58,1357,2531,104,68,151,1016,5,358,176,620,65,4,29,1418
10,33,79,3,192,335,31,21,26,134,1,31,58,80,2,0,18,144
320,1218,3513,358,5140,9983,380,433,897,4340,71,921,1156,1250,495,31,341,3706
349,1889,1002,319,1391,13447,1278,1571,936,2433,0,782,1485,1324,161,283,216,1390
33,409,1113,34,1621,3479,141,124,205,1370,17,388,219,342,81,10,43,1217
125,416,1224,31,1910,3418,125,153,203,1474,11,526,331,940,73,4,172,2263
46,5525,2900,644,3831,24854,2834,2888,1424,7782,4,2196,3218,2266,614,296,62,2634
3073,42373,16681,9185,24889,487585,67529,25318,17995,100566,13,12889,66154,25478,3015,2061,1881,22427
247,5324,3255,1264,3768,62345,9835,2901,2449,13641,0,1694,10322,2568,315,162,161,2517
3,87,60,6,120,318,47,94,24,107,0,47,96,73,7,1,7,46
10,33,28,4,112,208,38,45,11,77,0,39,73,61,3,1,5,66
68,583,370,84,415,4632,806,346,226,1028,0,162,842,314,34,8,14,226
3109,30977,31951,4538,29572,255342,25107,44319,12911,41749,61,22597,21903,41397,6365,1557,1997,38266
0,25,16,4,58,206,22,44,9,54,0,18,51,27,2,0,0,6
6,199,53,22,199,939,141,130,48,249,0,22,225,111,13,3,0,56
64,1068,257,85,734,5119,727,741,245,1321,0,141,852,702,37,3,20,358
112,1612,407,123,1116,8819,1024,1408,378,2196,0,292,1162,1323,78,7,22,633
46,844,276,75,666,4785,701,505,244,1230,0,95,859,496,34,3,5,242
40,781,300,233,888,4980,808,533,305,1180,0,259,1038,641,67,22,15,561
3820,19857,9983,2558,11239,111447,11455,13644,6681,18642,4,7725,11571,12257,2475,1616,2412,14918
4,33,17,1,16,120,16,7,3,21,0,6,24,7,1,0,0,13
773,886,874,234,1081,6891,1024,848,586,845,6,738,979,830,279,243,482,1327
417,3405,2342,534,2368,27519,2258,3905,1132,3252,0,1953,2394,3103,389,370,296,3298
1,202,61,12,315,1908,158,176,51,164,0,186,183,214,9,2,1,434
0,41,13,1,51,77,6,19,3,30,0,6,26,4,2,1,0,6
14,580,253,20,539,2079,138,316,95,601,0,112,284,202,18,2,1,208
5,99,39,17,130,1033,116,107,46,107,0,88,128,166,11,1,2,196
20,349,124,26,274,1461,137,156,69,301,0,117,191,194,51,0,8,288
225,806,274,77,831,4058,738,423,367,505,1,418,746,455,58,133,302,927
67,1005,400,71,721,5578,621,834,214,1359,1,120,739,770,43,4,17,280
0,74,45,9,87,667,128,74,37,151,0,92,128,48,1,0,0,100
427,15127,3514,310,8224,75157,2430,12714,941,17042,1,1538,2608,10495,534,98,139,3117
1,94,20,10,96,747,95,35,24,130,0,43,128,61,20,1,0,81
225,806,274,77,831,4058,738,423,367,505,1,418,746,455,58,133,302,927
127,1320,345,252,985,7820,1194,940,505,1721,0,311,1285,1015,107,9,19,671
225,806,274,77,831,4058,738,423,367,505,1,418,746,455,58,133,302,927
290,2464,1286,500,2007,16280,2548,2465,1380,3281,0,1341,2543,2475,454,103,145,2284
139,2323,1317,284,1460,8186,1545,1070,918,1571,0,799,1638,979,190,115,186,1274
0,713,739,0,676,720,710,0,0,33,0,0,712,0,0,0,0,0
4,846,525,61,574,5656,1383,449,211,1084,0,160,1348,391,34,9,13,246
89,1795,1019,163,1389,9027,1517,1255,495,3020,0,824,1693,1189,78,62,24,973
89,1795,1019,163,1389,9027,1517,1255,495,3020,0,824,1693,1189,78,62,24,973
5308,43136,41841,7457,35378,318366,42239,51119,56051,55065,92,24740,39375,46444,6762,2766,3518,43898
12,127,111,10,176,852,150,123,37,198,0,89,190,88,12,0,8,108
5109,15755,7044,841,9625,97913,8356,10096,5866,11379,20,6142,7248,7988,1254,485,2911,7610
68,293,166,33,342,2061,200,319,100,313,0,260,276,241,56,16,41,435
1041,55499,29164,4211,36970,325378,31117,41622,13677,87299,1,18317,32133,34692,1247,272,552,19035
269,3901,1071,125,1672,11814,929,2062,730,2753,0,1561,915,2003,188,89,129,1368
1,42,25,35,48,791,127,42,22,198,0,15,129,42,2,0,0,25
10259,23605,12840,3316,15765,141600,15874,20402,9209,21322,5,12395,14012,15574,2187,2065,3859,18559
6077,365694,264307,38969,236814,2419856,604500,401817,130988,511468,130,173886,465575,297375,5532,7439,14742,119646
686,9012,5008,1623,5901,54372,10494,6305,4118,12734,1,3965,10841,5808,871,329,320,6842
44,407,120,47,371,2046,416,298,135,555,0,55,493,290,10,2,6,152
2,147,73,23,213,1129,237,131,95,305,0,86,311,109,13,10,2,107
227,810,276,77,834,4073,743,429,367,505,1,427,751,456,63,133,303,933
3848,72684,19135,25092,25904,381256,52276,44289,29437,95046,7,31015,54771,58634,5136,2611,2415,58255
227,810,276,77,834,4073,743,429,367,505,1,427,751,456,63,133,303,933
8619,10063,6793,1895,9091,76685,9499,12150,6651,10422,2,8877,7334,9337,1241,1472,3852,11976
0,17,10,2,20,138,13,11,3,39,0,5,24,9,3,0,0,6
299,2873,694,351,1376,17306,2488,1791,1173,4338,0,669,2626,1582,154,41,67,1090
2070,161239,36647,70320,88252,766939,60842,91656,31463,274404,18,84076,56603,133041,5280,1586,1492,150384
